-- phpMyAdmin SQL Dump
-- version 4.4.10
-- http://www.phpmyadmin.net
--
-- Host: localhost:8889
-- Generation Time: Jun 13, 2016 at 10:21 PM
-- Server version: 5.5.42
-- PHP Version: 5.6.10

SET SQL_MODE = "NO_AUTO_VALUE_ON_ZERO";
SET time_zone = "+00:00";

--
-- Database: `eshopper`
--

-- --------------------------------------------------------

--
-- Table structure for table `brands`
--

CREATE TABLE `brands` (
  `id` int(11) NOT NULL,
  `name` varchar(50) DEFAULT NULL
) ENGINE=InnoDB AUTO_INCREMENT=5 DEFAULT CHARSET=utf8;

--
-- Dumping data for table `brands`
--

INSERT INTO `brands` (`id`, `name`) VALUES
(1, 'Apple'),
(2, 'Beats'),
(3, 'Remax'),
(4, 'Samsung');

-- --------------------------------------------------------

--
-- Table structure for table `category`
--

CREATE TABLE `category` (
  `id` int(11) NOT NULL,
  `name` varchar(255) NOT NULL,
  `sort_order` int(11) NOT NULL DEFAULT '0',
  `status` int(11) NOT NULL DEFAULT '1'
) ENGINE=InnoDB AUTO_INCREMENT=24 DEFAULT CHARSET=utf8;

--
-- Dumping data for table `category`
--

INSERT INTO `category` (`id`, `name`, `sort_order`, `status`) VALUES
(17, 'Аксесуари', 5, 1),
(18, 'Телефони', 1, 1),
(21, 'Годинники', 3, 1),
(22, 'Медіаплеєри', 2, 1),
(23, 'Планшети', 4, 1);

-- --------------------------------------------------------

--
-- Table structure for table `product`
--

CREATE TABLE `product` (
  `id` int(11) NOT NULL,
  `name` varchar(255) NOT NULL,
  `category_id` int(11) NOT NULL,
  `code` int(11) NOT NULL,
  `price` float NOT NULL,
  `availability` int(11) NOT NULL,
  `brand_id` int(11) NOT NULL,
  `image` varchar(256) NOT NULL,
  `description` text NOT NULL,
  `is_new` int(11) NOT NULL DEFAULT '0',
  `is_recommended` int(11) NOT NULL DEFAULT '0',
  `status` int(11) NOT NULL DEFAULT '1'
) ENGINE=InnoDB AUTO_INCREMENT=91 DEFAULT CHARSET=utf8;

--
-- Dumping data for table `product`
--

INSERT INTO `product` (`id`, `name`, `category_id`, `code`, `price`, `availability`, `brand_id`, `image`, `description`, `is_new`, `is_recommended`, `status`) VALUES
(52, 'Apple iPhone 5S 16GB (Gold) Refurbished by Apple', 18, 37106, 7750, 1, 1, '', '<p>Новый смартфон&nbsp;<strong>iPhone 5S</strong>&nbsp;от&nbsp;<strong>Apple</strong>&nbsp;- это воплощение стиля, качества и функциональности.</p>\r\n\r\n<p><strong>Изысканный дизайн смартфона</strong></p>\r\n\r\n<p>Монолитный металлический корпус со скошенными гранями, стеклянные вставки и блестящее яблоко на задней панели всегда смотрится надежно, практично и привлекательно. Apple предоставили новый флагман компании 2013 года&nbsp;<strong>iPhone 5S</strong>&nbsp;в трех цветах: белом (<strong>Silver</strong>), черно-сером (<strong>Space Gray</strong>) и бронзовом (<strong>Gold</strong>). Но самой неожиданной обновкой оказалась изменение дизайна кнопки Home, теперь она плоская из сапфирового стекла с металлическим кольцом вокруг.</p>\r\n\r\n<p>Дисплей&nbsp;Retina&nbsp;перешел без изменений от&nbsp;iPhone 5&nbsp;четырехдюймовой экран с разрешением 640x1136 (326 ppi). Но при этих технических характеристиках у смартфона отличная цветопередача, угол обзора и детализация картинки.</p>\r\n\r\n<p><strong>Функциональность и мощность</strong></p>\r\n\r\n<p>Аппаратная часть&nbsp;iPhone 5S&nbsp;просто не может желать лучшего: процессор&nbsp;A7&nbsp;(64-битный) с частотой 1,3 ГГц (2 ядра), сопроцессор&nbsp;M7&nbsp;и графический&nbsp;GPU PowerVR G6430&nbsp;позволяют смартфону работать в два раза быстрее и экономней, чем его предшественники. А вот оперативная память в размере 1 Гб осталась прежняя, как и встроенная - 16 Гб, 32 Гб и 64 Гб.</p>\r\n\r\n<p><strong>Фото и видео съемка</strong></p>\r\n\r\n<p>В&nbsp;iPhone 5S&nbsp;камера с первого взгляда напоминает&nbsp;iPhone 5&nbsp;- 8 МП основная и 1.2 МП фронтальная, но это только первое впечатление. Фокусировка и съемка стала на много быстрее, а функция Slow motion video не оставит вас равнодушными. 120 кадров в секунду с возможностью замедлить любой отрезок времени после съемки, довольно эффектная возможность создавать уникальные и завораживающие видео.</p>\r\n\r\n<p><strong>Ноу-хау от Apple</strong></p>\r\n\r\n<p>Touch ID&nbsp;- это уникальный сканер отпечатков пальцев, который расположился на обновленной кнопке&nbsp;Home. Данная функция действительно работает, теперь чтоб разблокировать телефон или подтвердить покупку в Store достаточно пройти идентификацию личности. Для консерваторов осталась разблокировка с помощью кода.&nbsp;Touch ID&nbsp;вызывает восхищение и восторг у всех будущих обладателей&nbsp;iPhone 5S.</p>\r\n\r\n<p>Смартфон&nbsp;iPhone 5S&nbsp;- это скорость процессора, уникальная защита и новая камера.</p>\r\n\r\n<p>Комплектующие:</p>\r\n\r\n<ul>\r\n	<li>Смартфон&nbsp;iPhone 5S</li>\r\n	<li>Зарядное устройство</li>\r\n	<li>Кабель&nbsp;Lightning</li>\r\n	<li>Наушники-гарнитура&nbsp;Earpods</li>\r\n	<li>Инструкция</li>\r\n</ul>\r\n', 0, 0, 1),
(53, 'Apple iPhone 5 16GB (White) Refurbished by Apple', 18, 18380, 6625, 1, 1, '', '<p>Apple iPhone 5&nbsp;&mdash; самый долгожданный телефон года, презентация которого состоялась 12 сентября в штате Калифорния. Вот уже 5 лет компания&nbsp;Apple&nbsp;заставляет весь мир судорожно гадать об особенностях нового поколения iPhone, при чем с каждым годом шума вокруг устройства все больше.<br />\r\n<br />\r\nВ этом нет ничего удивительного, ведь первое поколение яблочного телефона кардинально изменил облик мира мобильных устройств. Не смотря на, зарождающуюся в то время, тенденцию перехода на сенсорные экраны, верную смерть кнопочным телефонам объявил именно&nbsp;iPhone. С каждым новым поколением характеристики и технические данные смартфона ставят планку для конкурентов на более высокий уровень. Тяжело не согласиться с тем, что в последнее время, конкурентность на рынке телефонов большая. Факт остается фактом - телефоны iPhone однозначные законодатели трендов.<br />\r\n<br />\r\nКаким будет&nbsp;iPhone 5&nbsp;блоггеры и гаджетоманы начали обсуждать еще в первые дни после анонса&nbsp;iPhone 4S&nbsp;в сентябре 2011 года. Догадки были абсолютно разнообразными: от нового разъёма до отсутствия каких либо кнопок на корпусе. Подогрел эти разговоры, ставший доброй традицией, слив фотографий прототипа нового&nbsp;iPhone 5-го&nbsp;поколения. На сравнительных кадрахiPhone 5&nbsp;и&nbsp;iPhone 4S&nbsp;в первую очередь была заметна разница в размерах.&nbsp;iPhone 5-го&nbsp;поколения имеет вытянутую форму, что обусловлено увеличением диагонали экрана с 3,5 до 4,0 дюймов. Также разработчики убавили толщину смартфона.<br />\r\n<br />\r\nВ целом очертания&nbsp;Apple iPhone 5&nbsp;остались такими же как и у старшего брата, разве что несколько элегантнее. По словам создателей смартфона&nbsp;Apple iPhone 5, новое устройство мощнее и практичнее телефонов предыдущих поколений. Возвращаясь к разъему&nbsp;iPhone 5, нужно отдать должное разработчикам: зарядка присоединяется к телефону любой стороной. И наушники обрели абсолютно новую форму, благодаря изучению различных форм ушных раковин во имя улучшения качества звучания и комфортного крепления в ушах.</p>\r\n', 0, 0, 1),
(57, 'Apple iPhone 5 16GB (Black) Refurbished by Apple', 18, 18377, 6625, 1, 1, '', '<p><strong>Apple iPhone 5&nbsp;</strong>&mdash; самый долгожданный телефон года, презентация которого состоялась 12 сентября в штате Калифорния. Вот уже 5 лет компания&nbsp;Apple&nbsp;заставляет весь мир судорожно гадать об особенностях нового поколения iPhone, при чем с каждым годом шума вокруг устройства все больше.<br />\r\n<br />\r\nВ этом нет ничего удивительного, ведь первое поколение яблочного телефона кардинально изменил облик мира мобильных устройств. Не смотря на, зарождающуюся в то время, тенденцию перехода на сенсорные экраны, верную смерть кнопочным телефонам объявил именно&nbsp;iPhone. С каждым новым поколением характеристики и технические данные смартфона ставят планку для конкурентов на более высокий уровень. Тяжело не согласиться с тем, что в последнее время, конкурентность на рынке телефонов большая. Факт остается фактом - телефоны iPhone однозначные законодатели трендов.<br />\r\n<br />\r\nКаким будет&nbsp;iPhone 5&nbsp;блоггеры и гаджетоманы начали обсуждать еще в первые дни после анонса&nbsp;iPhone 4S&nbsp;в сентябре 2011 года. Догадки были абсолютно разнообразными: от нового разъёма до отсутствия каких либо кнопок на корпусе. Подогрел эти разговоры, ставший доброй традицией, слив фотографий прототипа нового&nbsp;iPhone 5-го&nbsp;поколения. На сравнительных кадрахiPhone 5&nbsp;и&nbsp;iPhone 4S&nbsp;в первую очередь была заметна разница в размерах.&nbsp;iPhone 5-го&nbsp;поколения имеет вытянутую форму, что обусловлено увеличением диагонали экрана с 3,5 до 4,0 дюймов. Также разработчики убавили толщину смартфона.<br />\r\n<br />\r\nВ целом очертания&nbsp;Apple iPhone 5&nbsp;остались такими же как и у старшего брата, разве что несколько элегантнее. По словам создателей смартфона&nbsp;Apple iPhone 5, новое устройство мощнее и практичнее телефонов предыдущих поколений. Возвращаясь к разъему&nbsp;iPhone 5, нужно отдать должное разработчикам: зарядка присоединяется к телефону любой стороной. И наушники обрели абсолютно новую форму, благодаря изучению различных форм ушных раковин во имя улучшения качества звучания и комфортного крепления в ушах.</p>\r\n', 0, 0, 1),
(58, 'Apple iPhone 5S 16GB (Space Gray) Refurbished by Apple', 18, 18401, 8000, 1, 1, '', '<p>Новый смартфон&nbsp;iPhone 5S&nbsp;от&nbsp;Apple&nbsp;- это воплощение стиля, качества и функциональности.</p>\r\n\r\n<p><strong>Изысканный дизайн смартфона</strong></p>\r\n\r\n<p>Монолитный металлический корпус со скошенными гранями, стеклянные вставки и блестящее яблоко на задней панели всегда смотрится надежно, практично и привлекательно. Apple предоставили новый флагман компании 2013 года&nbsp;iPhone 5S&nbsp;в трех цветах: белом (Silver), черно-сером (Space Gray) и бронзовом (Gold). Но самой неожиданной обновкой оказалась изменение дизайна кнопки Home, теперь она плоская из сапфирового стекла с металлическим кольцом вокруг.</p>\r\n\r\n<p>Дисплей&nbsp;Retina&nbsp;перешел без изменений от&nbsp;iPhone 5&nbsp;четырехдюймовой экран с разрешением 640x1136 (326 ppi). Но при этих технических характеристиках у смартфона отличная цветопередача, угол обзора и детализация картинки.</p>\r\n\r\n<p><strong>Функциональность и мощность</strong></p>\r\n\r\n<p>Аппаратная часть&nbsp;iPhone 5S&nbsp;просто не может желать лучшего: процессор&nbsp;A7&nbsp;(64-битный) с частотой 1,3 ГГц (2 ядра), сопроцессор&nbsp;M7&nbsp;и графический&nbsp;GPU PowerVR G6430&nbsp;позволяют смартфону работать в два раза быстрее и экономней, чем его предшественники. А вот оперативная память в размере 1 Гб осталась прежняя, как и встроенная - 16 Гб, 32 Гб и 64 Гб.</p>\r\n\r\n<p><strong>Фото и видео съемка</strong></p>\r\n\r\n<p>В&nbsp;iPhone 5S&nbsp;камера с первого взгляда напоминает&nbsp;iPhone 5&nbsp;- 8 МП основная и 1.2 МП фронтальная, но это только первое впечатление. Фокусировка и съемка стала на много быстрее, а функция Slow motion video не оставит вас равнодушными. 120 кадров в секунду с возможностью замедлить любой отрезок времени после съемки, довольно эффектная возможность создавать уникальные и завораживающие видео.</p>\r\n\r\n<p><strong>Ноу-хау от Apple</strong></p>\r\n\r\n<p>Touch ID&nbsp;- это уникальный сканер отпечатков пальцев, который расположился на обновленной кнопке&nbsp;Home. Данная функция действительно работает, теперь чтоб разблокировать телефон или подтвердить покупку в Store достаточно пройти идентификацию личности. Для консерваторов осталась разблокировка с помощью кода.&nbsp;Touch ID&nbsp;вызывает восхищение и восторг у всех будущих обладателей&nbsp;iPhone 5S.</p>\r\n\r\n<p>Смартфон&nbsp;iPhone 5S&nbsp;- это скорость процессора, уникальная защита и новая камера.</p>\r\n\r\n<p>Комплектующие:</p>\r\n\r\n<ul>\r\n	<li>Смартфон&nbsp;iPhone 5S</li>\r\n	<li>Зарядное устройство</li>\r\n	<li>Кабель&nbsp;Lightning</li>\r\n	<li>Наушники-гарнитура&nbsp;Earpods</li>\r\n	<li>Инструкция</li>\r\n</ul>\r\n', 0, 0, 1),
(59, 'Apple iPhone 5S 16GB (Silver) Refurbished by Apple', 18, 18398, 8500, 1, 1, '', '<p>Новый смартфон&nbsp;<strong>iPhone 5S</strong>&nbsp;от&nbsp;Apple&nbsp;- это воплощение стиля, качества и функциональности.</p>\r\n\r\n<p><strong>Изысканный дизайн смартфона</strong></p>\r\n\r\n<p>Монолитный металлический корпус со скошенными гранями, стеклянные вставки и блестящее яблоко на задней панели всегда смотрится надежно, практично и привлекательно. Apple предоставили новый флагман компании 2013 года&nbsp;iPhone 5S&nbsp;в трех цветах: белом (Silver), черно-сером (Space Gray) и бронзовом (Gold). Но самой неожиданной обновкой оказалась изменение дизайна кнопки Home, теперь она плоская из сапфирового стекла с металлическим кольцом вокруг.</p>\r\n\r\n<p>Дисплей&nbsp;Retina&nbsp;перешел без изменений от&nbsp;iPhone 5&nbsp;четырехдюймовой экран с разрешением 640x1136 (326 ppi). Но при этих технических характеристиках у смартфона отличная цветопередача, угол обзора и детализация картинки.</p>\r\n\r\n<p><strong>Функциональность и мощность</strong></p>\r\n\r\n<p>Аппаратная часть&nbsp;iPhone 5S&nbsp;просто не может желать лучшего: процессор&nbsp;A7&nbsp;(64-битный) с частотой 1,3 ГГц (2 ядра), сопроцессор&nbsp;M7&nbsp;и графический&nbsp;GPU PowerVR G6430&nbsp;позволяют смартфону работать в два раза быстрее и экономней, чем его предшественники. А вот оперативная память в размере 1 Гб осталась прежняя, как и встроенная - 16 Гб, 32 Гб и 64 Гб.</p>\r\n\r\n<p><strong>Фото и видео съемка</strong></p>\r\n\r\n<p>В&nbsp;iPhone 5S&nbsp;камера с первого взгляда напоминает&nbsp;iPhone 5&nbsp;- 8 МП основная и 1.2 МП фронтальная, но это только первое впечатление. Фокусировка и съемка стала на много быстрее, а функция Slow motion video не оставит вас равнодушными. 120 кадров в секунду с возможностью замедлить любой отрезок времени после съемки, довольно эффектная возможность создавать уникальные и завораживающие видео.</p>\r\n\r\n<p><strong>Ноу-хау от Apple</strong></p>\r\n\r\n<p>Touch ID&nbsp;- это уникальный сканер отпечатков пальцев, который расположился на обновленной кнопке&nbsp;Home. Данная функция действительно работает, теперь чтоб разблокировать телефон или подтвердить покупку в Store достаточно пройти идентификацию личности. Для консерваторов осталась разблокировка с помощью кода.&nbsp;Touch ID&nbsp;вызывает восхищение и восторг у всех будущих обладателей&nbsp;iPhone 5S.</p>\r\n\r\n<p>Смартфон&nbsp;iPhone 5S&nbsp;- это скорость процессора, уникальная защита и новая камера.</p>\r\n\r\n<p>Комплектующие:</p>\r\n\r\n<ul>\r\n	<li>Смартфон&nbsp;iPhone 5S</li>\r\n	<li>Зарядное устройство</li>\r\n	<li>Кабель&nbsp;Lightning</li>\r\n	<li>Наушники-гарнитура&nbsp;Earpods</li>\r\n	<li>Инструкция</li>\r\n</ul>\r\n', 0, 0, 1),
(60, 'Apple iPhone 6 16GB (Space Gray)', 18, 22578, 13875, 1, 1, '', '<p>Компания&nbsp;<strong>Apple</strong>&nbsp;всегда радовала своими новинками, и уникальный&nbsp;iPhone&nbsp;под номером&nbsp;6, не стал исключением. Он разработан для того, чтоб радовать постоянных клиентов и привлечь новых ценителей качества и стиля.&nbsp;Apple iPhone 6&nbsp;стал ещё более мощным, но при этом сохранил элегантность форм и рациональность использования батареи. Аппаратная платформа и программное обеспечение работают в унисон, делая новое поколение&nbsp;iPhone, лучшим, чем когда-либо.<br />\r\n<br />\r\n<strong>Совершенный дизайн от компании Apple</strong><br />\r\nНовый&nbsp;iPhone&nbsp;обзавёлся передовым дисплеем&nbsp;Retina HD, который способствовал разработке уникального и практичного дизайна. Гладкая металлическая поверхность, плавно переходящая в стекло создаёт непревзойдённые ощущения от обтекаемого профиля&nbsp;iPhone 6.&nbsp;Функциональные кнопки расположились на боковом торце девайса, поэтому эргономика не нарушилась даже при увеличении дисплея смартфона.<br />\r\n<br />\r\n<strong>Лучший из лучших</strong><br />\r\nПроцессор&nbsp;A8&nbsp;с 64-битной архитектурой стал намного быстрее, как и сопроцессор&nbsp;M8, который отвечает за видео. Также новый&nbsp;iPhone 6&nbsp;обладает улучшенным Wi-Fi (802.11a/b/g/n/ac), Bluetooth 4.0 и NFC, который будет поддерживать революционный сервис Pay. С его помощью вы сможете оплачивать покупки, достаточно привязать банковские карты к смартфону, а в магазине поднести его к терминалу. Продукция&nbsp;Apple&nbsp;всегда опережает своё время, но за это мы и любим её.<br />\r\n<br />\r\n<strong>Потрясающие снимки и видео</strong><br />\r\nКамера мобильного телефона стала основным инструментом запечатления ярких моментов из повседневной жизни. Поэтому не удивительно, что с каждым годом её качества съёмки улучшают, а функционал дополняют разными возможностями. Уникальная камера&nbsp;iSight&nbsp;имеет новый датчик, способный записывать 1080p HD видео как при 60 кадр/с, так и замедленное движение при 240 кадр/с. Таким образом, вы получаете не только потрясающие снимки, но и видео, которое останется надолго в вашей памяти.<br />\r\n<br />\r\n<strong>Самый надёжный пароль &ndash; Touch ID</strong><br />\r\nГлавной идеей разработчиков датчика идентификации &laquo;Телефон должен знать своего владельца!&raquo; Ведь это так естественно, когда именно девайс узнает вас, а не вы обязаны вспоминать и вводить каждый раз пароль. Сенсор расположили на кнопке Home, с которой начинается работа&nbsp;iPhone 6.&nbsp;Такой уникальный идентификатор невозможно подделать или потерять, поэтому его без колебаний можно назвать самой надёжной защитой от незапланированных любителей посмотреть ваши данные или контакты.<br />\r\n<br />\r\n<strong>Большие возможности от iOS</strong><br />\r\nЦелью разработчиков было не только впечатлять пользователя, но и дарить незабываемые ощущения от работы обновлённой платформы. Каждая новая функция и усовершенствование имело определённую цель, поэтому приятное удивление вскоре превратится в необходимость использовать новации. Основной задачей нового&nbsp;iOS 8&nbsp;является повышение эффективности, которое вы почувствуется с первого же прикосновения к дисплею девайса.<br />\r\n<br />\r\nМногие выбирают&nbsp;iPhone&nbsp;потому, что он подчёркивает статус, кто-то из-за его функциональности и продуктивности. Но какой бы ни была ваша причина, он не разочарует. Ведь&nbsp;iPhone 6&nbsp;стал намного лучше во всех аспектах, поэтому данный смартфон будет отличным дополнением деловой и повседневной жизни.</p>\r\n', 1, 1, 1),
(61, 'Apple iPhone 6 16GB (Silver) ', 18, 22577, 14125, 1, 0, '', '<p>Компания&nbsp;<strong>Apple</strong>&nbsp;всегда радовала своими новинками, и уникальный&nbsp;iPhone&nbsp;под номером&nbsp;6, не стал исключением. Он разработан для того, чтоб радовать постоянных клиентов и привлечь новых ценителей качества и стиля.&nbsp;Apple iPhone 6&nbsp;стал ещё более мощным, но при этом сохранил элегантность форм и рациональность использования батареи. Аппаратная платформа и программное обеспечение работают в унисон, делая новое поколение&nbsp;iPhone, лучшим, чем когда-либо.<br />\r\n<br />\r\n<strong>Совершенный дизайн от компании Apple</strong><br />\r\nНовый&nbsp;iPhone&nbsp;обзавёлся передовым дисплеем&nbsp;Retina HD, который способствовал разработке уникального и практичного дизайна. Гладкая металлическая поверхность, плавно переходящая в стекло создаёт непревзойдённые ощущения от обтекаемого профиля&nbsp;iPhone 6.&nbsp;Функциональные кнопки расположились на боковом торце девайса, поэтому эргономика не нарушилась даже при увеличении дисплея смартфона.<br />\r\n<br />\r\n<strong>Лучший из лучших</strong><br />\r\nПроцессор&nbsp;A8&nbsp;с 64-битной архитектурой стал намного быстрее, как и сопроцессор&nbsp;M8, который отвечает за видео. Также новый&nbsp;iPhone 6&nbsp;обладает улучшенным Wi-Fi (802.11a/b/g/n/ac), Bluetooth 4.0 и NFC, который будет поддерживать революционный сервис Pay. С его помощью вы сможете оплачивать покупки, достаточно привязать банковские карты к смартфону, а в магазине поднести его к терминалу. Продукция&nbsp;Apple&nbsp;всегда опережает своё время, но за это мы и любим её.<br />\r\n<br />\r\n<strong>Потрясающие снимки и видео</strong><br />\r\nКамера мобильного телефона стала основным инструментом запечатления ярких моментов из повседневной жизни. Поэтому не удивительно, что с каждым годом её качества съёмки улучшают, а функционал дополняют разными возможностями. Уникальная камера&nbsp;iSight&nbsp;имеет новый датчик, способный записывать 1080p HD видео как при 60 кадр/с, так и замедленное движение при 240 кадр/с. Таким образом, вы получаете не только потрясающие снимки, но и видео, которое останется надолго в вашей памяти.<br />\r\n<br />\r\n<strong>Самый надёжный пароль &ndash; Touch ID</strong><br />\r\nГлавной идеей разработчиков датчика идентификации &laquo;Телефон должен знать своего владельца!&raquo; Ведь это так естественно, когда именно девайс узнает вас, а не вы обязаны вспоминать и вводить каждый раз пароль. Сенсор расположили на кнопке Home, с которой начинается работа&nbsp;iPhone 6.&nbsp;Такой уникальный идентификатор невозможно подделать или потерять, поэтому его без колебаний можно назвать самой надёжной защитой от незапланированных любителей посмотреть ваши данные или контакты.<br />\r\n<br />\r\n<strong>Большие возможности от iOS</strong><br />\r\nЦелью разработчиков было не только впечатлять пользователя, но и дарить незабываемые ощущения от работы обновлённой платформы. Каждая новая функция и усовершенствование имело определённую цель, поэтому приятное удивление вскоре превратится в необходимость использовать новации. Основной задачей нового&nbsp;iOS 8&nbsp;является повышение эффективности, которое вы почувствуется с первого же прикосновения к дисплею девайса.<br />\r\n<br />\r\nМногие выбирают&nbsp;iPhone&nbsp;потому, что он подчёркивает статус, кто-то из-за его функциональности и продуктивности. Но какой бы ни была ваша причина, он не разочарует. Ведь&nbsp;iPhone 6&nbsp;стал намного лучше во всех аспектах, поэтому данный смартфон будет отличным дополнением деловой и повседневной жизни.</p>\r\n', 1, 1, 1),
(62, 'Apple iPhone 6 16GB (Gold) ', 18, 22576, 14750, 1, 1, '', '<p>Компания&nbsp;<strong>Apple</strong>&nbsp;всегда радовала своими новинками, и уникальный&nbsp;iPhone&nbsp;под номером&nbsp;6, не стал исключением. Он разработан для того, чтоб радовать постоянных клиентов и привлечь новых ценителей качества и стиля.&nbsp;Apple iPhone 6&nbsp;стал ещё более мощным, но при этом сохранил элегантность форм и рациональность использования батареи. Аппаратная платформа и программное обеспечение работают в унисон, делая новое поколение&nbsp;iPhone, лучшим, чем когда-либо.<br />\r\n<br />\r\n<strong>Совершенный дизайн от компании Apple</strong><br />\r\nНовый&nbsp;iPhone&nbsp;обзавёлся передовым дисплеем&nbsp;Retina HD, который способствовал разработке уникального и практичного дизайна. Гладкая металлическая поверхность, плавно переходящая в стекло создаёт непревзойдённые ощущения от обтекаемого профиля&nbsp;iPhone 6.&nbsp;Функциональные кнопки расположились на боковом торце девайса, поэтому эргономика не нарушилась даже при увеличении дисплея смартфона.<br />\r\n<br />\r\n<strong>Лучший из лучших</strong><br />\r\nПроцессор&nbsp;A8&nbsp;с 64-битной архитектурой стал намного быстрее, как и сопроцессор&nbsp;M8, который отвечает за видео. Также новый&nbsp;iPhone 6&nbsp;обладает улучшенным Wi-Fi (802.11a/b/g/n/ac), Bluetooth 4.0 и NFC, который будет поддерживать революционный сервис Pay. С его помощью вы сможете оплачивать покупки, достаточно привязать банковские карты к смартфону, а в магазине поднести его к терминалу. Продукция&nbsp;Apple&nbsp;всегда опережает своё время, но за это мы и любим её.<br />\r\n<br />\r\n<strong>Потрясающие снимки и видео</strong><br />\r\nКамера мобильного телефона стала основным инструментом запечатления ярких моментов из повседневной жизни. Поэтому не удивительно, что с каждым годом её качества съёмки улучшают, а функционал дополняют разными возможностями. Уникальная камера&nbsp;iSight&nbsp;имеет новый датчик, способный записывать 1080p HD видео как при 60 кадр/с, так и замедленное движение при 240 кадр/с. Таким образом, вы получаете не только потрясающие снимки, но и видео, которое останется надолго в вашей памяти.<br />\r\n<br />\r\n<strong>Самый надёжный пароль &ndash; Touch ID</strong><br />\r\nГлавной идеей разработчиков датчика идентификации &laquo;Телефон должен знать своего владельца!&raquo; Ведь это так естественно, когда именно девайс узнает вас, а не вы обязаны вспоминать и вводить каждый раз пароль. Сенсор расположили на кнопке Home, с которой начинается работа&nbsp;iPhone 6.&nbsp;Такой уникальный идентификатор невозможно подделать или потерять, поэтому его без колебаний можно назвать самой надёжной защитой от незапланированных любителей посмотреть ваши данные или контакты.<br />\r\n<br />\r\n<strong>Большие возможности от iOS</strong><br />\r\nЦелью разработчиков было не только впечатлять пользователя, но и дарить незабываемые ощущения от работы обновлённой платформы. Каждая новая функция и усовершенствование имело определённую цель, поэтому приятное удивление вскоре превратится в необходимость использовать новации. Основной задачей нового&nbsp;iOS 8&nbsp;является повышение эффективности, которое вы почувствуется с первого же прикосновения к дисплею девайса.<br />\r\n<br />\r\nМногие выбирают&nbsp;iPhone&nbsp;потому, что он подчёркивает статус, кто-то из-за его функциональности и продуктивности. Но какой бы ни была ваша причина, он не разочарует. Ведь&nbsp;iPhone 6&nbsp;стал намного лучше во всех аспектах, поэтому данный смартфон будет отличным дополнением деловой и повседневной жизни.</p>\r\n', 1, 1, 1),
(65, 'Apple Watch 42mm Stainless Steel Case', 21, 36894, 15375, 1, 1, '', '<p>Современные часы&nbsp;<strong>Apple Watch</strong>&nbsp;- настоящий революционный продукт в мире хронометров. Умные часы - это стильный дизайн, множество функций и мощное техническое оснащение. Такой универсальный гаджет станет незаменимым помощником в работе, загородных поездках и на отдыхе.</p>\r\n\r\n<p>Корпус устройства прочный, устойчив к коррозии и деформации, выполнен из нержавеющей стали с зеркальным блеском, а сапфировое стекло надежно защищает дисплей от царапин.</p>\r\n\r\n<p>Спортивный ремешок из фторопласта с застёжкой pin-and-tuck выглядит очень ярко и привлекательно, что делает&nbsp;<strong>Apple Watch</strong>ещё и стильным аксессуаром.</p>\r\n\r\n<p>Циферблат можно настроить под личный график: вывести на экран погоду, будильник, напоминания, расписание, курсы валют или автомобильные пробки и многое другое. Смарт-часы просты в управлении. Прокручивая колесико, можно листать и увеличивать изображения, касаясь экрана - запускать приложения, открывать папки, загружать файлы и переносить данные.</p>\r\n\r\n<p>Удобные разделы меню: список контактов, социальные сети, почта, звонки, SMS дают возможность своему владельцу быть всегда и везде на связи. Также Apple Watch незаменимы на тренировках, специально для них разработано приложение &quot;Активность&quot;. Оно посчитает потраченные калории, пройденную дистанцию, определит сердцебиение и напомнит о режиме дня.</p>\r\n\r\n<p>Техническое оснащение&nbsp;<strong>Apple Watch</strong>&nbsp;создано на высоком уровне. Также радует операционная система&nbsp;<strong>WatchOS</strong>, поддержка Wi-Fi и Bluetooth, быстрое подключение и синхронная работа с Apple iPhone.</p>\r\n\r\n<p>Время автономной работы гаджета до 18 часов, что позволяет его активно использовать целый рабочий день.</p>\r\n\r\n<p><strong>Apple Watch</strong>&nbsp;- это не только современные часы, но и отличный помощник в выполнении повседневных задач.</p>\r\n', 1, 1, 1),
(66, 'Наушники Remax RM-501 Black', 17, 38249, 250, 1, 3, '', '<p>Наушники&nbsp;<strong>Remax RM-501 Black&nbsp;</strong>имеют компактную форму. Вакуумная конструкция наушников, позволяет им плотно держаться в ушах и обеспечивать при этом хорошую шумоизоляцию. Корпус амбушюр выполнен из прочного поликарбоната в черном цвете, а мембраны из качественного силикона.</p>\r\n\r\n<p>Встроенный микрофон, делает наушники&nbsp;<strong>Remax RM-501 Black</strong>&nbsp;&ndash; удобной гарнитурой. Теперь Вы сможете не только наслаждаться прослушиванием любимой музыки, но и отвечать на входящие звонки. Малый вес и портативная конструкция позволяют, всегда брать с собой наушники&nbsp;<strong>Remax RM-501 Black</strong>. В набор входят сменные амбушюры, которые позволят Вам подобрать более удобный размер для себя.</p>\r\n\r\n<p>Наушники&nbsp;<strong>Remax RM-501 Black&nbsp;</strong>сочетают в себе классический дизайн и качественное воспроизведение любимой музыки.</p>\r\n', 0, 0, 1),
(67, 'Наушники Beats Solo2 On-Ear Headphones Black ', 17, 37690, 5500, 1, 2, '', '<p><strong>Solo2 On-Ear Headphones Black (MH8W2ZM/A)&nbsp;</strong>&ndash; это новая и усовершенствованная модель наушников от известного производителя&nbsp;<strong>Beats</strong>. Наушники выдают улучшенное звучание, интенсивную четкость музыки и более широкий спектр звучания.</p>\r\n\r\n<p><strong>Beats Solo2 On-Ear</strong>&nbsp;<strong>Headphones (MH8W2ZM/A)</strong>&nbsp;выполнены в классическом черном цвете со строгими линиями. Конструкция наушников&nbsp;<strong>Beats Solo2 (MH8W2ZM/A)&nbsp;</strong>достаточно легкая и прочная, и это обеспечивает высокий уровень комфорта. С&nbsp;<strong>Beats (MH8W2ZM/A)</strong>, Вы почувствуете высокую четкость воспроизведения музыкальных творений.</p>\r\n\r\n<p>Для оптимального комфорта и максимального качества звучания, Вы можете легко и просто поворачивать, как Вам удобно амбрушюры&nbsp;<strong>Beats Solo2</strong>. Благодаря кабелю&nbsp;<strong>RemoteTalk</strong>, Вы сможете не только управлять своими музыкальными записями, но и отвечать на звонки, не касаясь своего телефона.</p>\r\n\r\n<p>В комплект так же входить удобный чехол для комфортной транспортировки наушников&nbsp;<strong>Beats Solo2 On-Ear Headphones Black</strong>. Наушники&nbsp;<strong>Beats Solo2 On-Ear Headphones</strong>&nbsp;отлично совместимы с устройствами&nbsp;<strong>IOS</strong>.</p>\r\n\r\n<p>Наушники&nbsp;<strong>Beats Solo2 On-Ear Headphones Black (MH8W2ZM/A)</strong>&nbsp;&ndash; это современный дизайн с невероятным качеством звука.</p>\r\n', 0, 1, 1),
(68, 'Apple iPhone 6S 16GB (Gold)', 18, 36926, 16450, 1, 1, '', '<p><strong>Единственное, что изменилось, - это всё!</strong></p>\r\n\r\n<p>Apple iPhone 6S&nbsp;не безосновательно носит статус флагмана. Это не просто обновлённая версия iPhone 6, а совершенно новая модель с множеством изменений и улучшений.</p>\r\n\r\n<p><strong>Инновационный 3D Touch</strong></p>\r\n\r\n<p>Управление цифровым контентом с помощью касаний, смахиваний и разведением пальцев стало привычно и не заменимо в любом смартфоне с сенсорным дисплеем, но компания Apple пошла ещё дальше. Совершенно новый Multi-touch с технологией&nbsp;3D Touch&nbsp;распознает не только ранее известные жесты, но и силу нажатия на экран.</p>\r\n\r\n<p>Лёгкое прикосновение активирует функцию &quot;заглянуть&quot;, она отвечает за предпросмотр информации, если нажать чуть сильнее контент раскроется полностью на весь экран. Встроенный ёмкостный датчик измеряет микроскопические изменения давления, обеспечивая мгновенное, непрерывное и точное реагирование. Внешне простые функции скрывают сложные процессы, которые вам понравятся.</p>\r\n\r\n<p><strong>Передовой процессор А9</strong></p>\r\n\r\n<p>А9&nbsp;- это синоним эффективности и производительности. Третье поколение процессоров с 64-битной архитектурой от&nbsp;Appleулучшило свои характеристики до уровня ПК. Теперь общая производительность стала на 70% выше, а эффективность работы с графикой - на 90%.</p>\r\n\r\n<p>Эффективней стал и встроенный сопроцессор&nbsp;М9, который взаимодействует со всеми датчиками и программами, в частности Siri, что значительно расширяет возможности и функциональность&nbsp;iPhone 6S.</p>\r\n\r\n<p><strong>Обновлённая камера iSight</strong></p>\r\n\r\n<p>Всем известно, что не только от количества пикселей зависит качество снимка. Разработчики&nbsp;Apple&nbsp;оптимизировали все технические задачи возникающие при фото и видео-съёмке, тем самым улучшили качество фото в девайсе.</p>\r\n\r\n<p>Новый&nbsp;iPhone&nbsp;оснащён ультрасовременной матрицей и процессором обработки сигнала изображения, уникальной настройкой пикселей и тональной компрессии, а также системой оптической стабилизации и&nbsp;Focus Pixels. 12-мегапиксельные снимки будут потрясающими, наполненные деталями и яркими красками.</p>\r\n\r\n<p>А что с видео?&nbsp;Камера 4К&nbsp;- это в четыре раза больше разрешение, чем у обычного HD-видео. Создавать фото и видео шедевры стало намного проще.</p>\r\n\r\n<p><strong>Технология&nbsp;Live Photos&nbsp;- оживит воспоминания</strong></p>\r\n\r\n<p>Фотография фиксирует определённый момент, но данная технология поменяла представление о снимках. В основе&nbsp;Live Photos&nbsp;лежит 12МП фото, в котором до и после записано несколько секунд со звуком и движением. Нажав на нём можно оживить фотографию и воспоминания о происходящем событии.</p>\r\n\r\n<p><strong>HD-камера FaceTime</strong></p>\r\n\r\n<p>Любите делать селфи или звонить по Skype или FaceTime? Тогда улучшенная фронтальная камера 5 Мп настоящая находка. Ведь она оснащенная дополнительной вспышкой&nbsp;True Tone Flash. Как это работает? Предварительная вспышка устанавливает уровень освещённости, после срабатывает&nbsp;True Tone Flash&nbsp;используя дисплей. Снимки всегда получаются с естественной и реалистичной цветопередачей, поэтому селфи смогут стать отличным автопортретом.</p>\r\n\r\n<p><strong>Выдающийся дизайн для iPhone 6S</strong></p>\r\n\r\n<p>Компания&nbsp;Apple&nbsp;решила сохранить все преимущества предшественника данной модели:</p>\r\n\r\n<ul>\r\n	<li>Самый прочный корпус из алюминия 700, который активно используется в аэрокосмическом строительстве;</li>\r\n	<li>Усиленное на молекулярном уровне стекло, идеальная и лучшая защита для смартфона;</li>\r\n	<li>Цельная и изящная форма с плавными линиями, её удобно и приятно держать, а смотреть одно удовольствие.</li>\r\n</ul>\r\n\r\n<p>В&nbsp;2015&nbsp;году предоставлены привычные цвета&nbsp;Silver,&nbsp;Gold,&nbsp;Space Gray, и совершенно новый, удивительный и невиданный ранее&nbsp;Rose Gold, который идеально вписался и без сомнений станет популярным у ценителей&nbsp;iPhone.</p>\r\n\r\n<p><strong>Уникальная операционная система iOS 9</strong></p>\r\n\r\n<p>Работать с ней одно удовольствие. Она сочетает в себе элегантный дизайн, надёжную защиту данных, широкий спектр функциональных возможностей и интуитивно понятный интерфейс.</p>\r\n\r\n<p>С операционной системой iOS 9 просто и легко общаться с друзьями или просматривать почту, веб-сайты. Программное и аппаратное обеспечение идеально друг друга дополняют, поэтому девайс замечательно и быстро откликается на команды, при этом экономно расходуя заряд аккумулятора.</p>\r\n', 1, 1, 1),
(70, 'Apple iPhone 6S 16GB (Space Gray)', 0, 36927, 16375, 1, 1, '', 'Apple iPhone 6S не безосновательно носит статус флагмана. Это не просто обновлённая версия iPhone 6, а совершенно новая модель с множеством изменений и улучшений.', 0, 0, 1),
(71, 'Apple iPhone 6S 16GB (Silver)', 18, 36925, 16500, 1, 0, '', '<p><strong>Единственное, что изменилось, - это всё!</strong></p>\r\n\r\n<p>Apple iPhone 6S&nbsp;не безосновательно носит статус флагмана. Это не просто обновлённая версия iPhone 6, а совершенно новая модель с множеством изменений и улучшений.</p>\r\n\r\n<p><strong>Инновационный 3D Touch</strong></p>\r\n\r\n<p>Управление цифровым контентом с помощью касаний, смахиваний и разведением пальцев стало привычно и не заменимо в любом смартфоне с сенсорным дисплеем, но компания Apple пошла ещё дальше. Совершенно новый Multi-touch с технологией&nbsp;3D Touch&nbsp;распознает не только ранее известные жесты, но и силу нажатия на экран.</p>\r\n\r\n<p>Лёгкое прикосновение активирует функцию &quot;заглянуть&quot;, она отвечает за предпросмотр информации, если нажать чуть сильнее контент раскроется полностью на весь экран. Встроенный ёмкостный датчик измеряет микроскопические изменения давления, обеспечивая мгновенное, непрерывное и точное реагирование. Внешне простые функции скрывают сложные процессы, которые вам понравятся.</p>\r\n\r\n<p><strong>Передовой процессор А9</strong></p>\r\n\r\n<p>А9&nbsp;- это синоним эффективности и производительности. Третье поколение процессоров с 64-битной архитектурой от&nbsp;Appleулучшило свои характеристики до уровня ПК. Теперь общая производительность стала на 70% выше, а эффективность работы с графикой - на 90%.</p>\r\n\r\n<p>Эффективней стал и встроенный сопроцессор&nbsp;М9, который взаимодействует со всеми датчиками и программами, в частности Siri, что значительно расширяет возможности и функциональность&nbsp;iPhone 6S.</p>\r\n\r\n<p><strong>Обновлённая камера iSight</strong></p>\r\n\r\n<p>Всем известно, что не только от количества пикселей зависит качество снимка. Разработчики&nbsp;Apple&nbsp;оптимизировали все технические задачи возникающие при фото и видео-съёмке, тем самым улучшили качество фото в девайсе.</p>\r\n\r\n<p>Новый&nbsp;iPhone&nbsp;оснащён ультрасовременной матрицей и процессором обработки сигнала изображения, уникальной настройкой пикселей и тональной компрессии, а также системой оптической стабилизации и&nbsp;Focus Pixels. 12-мегапиксельные снимки будут потрясающими, наполненные деталями и яркими красками.</p>\r\n\r\n<p>А что с видео?&nbsp;Камера 4К&nbsp;- это в четыре раза больше разрешение, чем у обычного HD-видео. Создавать фото и видео шедевры стало намного проще.</p>\r\n\r\n<p><strong>Технология&nbsp;Live Photos&nbsp;- оживит воспоминания</strong></p>\r\n\r\n<p>Фотография фиксирует определённый момент, но данная технология поменяла представление о снимках. В основе&nbsp;Live Photos&nbsp;лежит 12МП фото, в котором до и после записано несколько секунд со звуком и движением. Нажав на нём можно оживить фотографию и воспоминания о происходящем событии.</p>\r\n\r\n<p><strong>HD-камера FaceTime</strong></p>\r\n\r\n<p>Любите делать селфи или звонить по Skype или FaceTime? Тогда улучшенная фронтальная камера 5 Мп настоящая находка. Ведь она оснащенная дополнительной вспышкой&nbsp;True Tone Flash. Как это работает? Предварительная вспышка устанавливает уровень освещённости, после срабатывает&nbsp;True Tone Flash&nbsp;используя дисплей. Снимки всегда получаются с естественной и реалистичной цветопередачей, поэтому селфи смогут стать отличным автопортретом.</p>\r\n\r\n<p><strong>Выдающийся дизайн для iPhone 6S</strong></p>\r\n\r\n<p>Компания&nbsp;Apple&nbsp;решила сохранить все преимущества предшественника данной модели:</p>\r\n\r\n<ul>\r\n	<li>Самый прочный корпус из алюминия 700, который активно используется в аэрокосмическом строительстве;</li>\r\n	<li>Усиленное на молекулярном уровне стекло, идеальная и лучшая защита для смартфона;</li>\r\n	<li>Цельная и изящная форма с плавными линиями, её удобно и приятно держать, а смотреть одно удовольствие.</li>\r\n</ul>\r\n\r\n<p>В&nbsp;2015&nbsp;году предоставлены привычные цвета&nbsp;Silver,&nbsp;Gold,&nbsp;Space Gray, и совершенно новый, удивительный и невиданный ранее&nbsp;Rose Gold, который идеально вписался и без сомнений станет популярным у ценителей&nbsp;iPhone.</p>\r\n\r\n<p><strong>Уникальная операционная система iOS 9</strong></p>\r\n\r\n<p>Работать с ней одно удовольствие. Она сочетает в себе элегантный дизайн, надёжную защиту данных, широкий спектр функциональных возможностей и интуитивно понятный интерфейс.</p>\r\n\r\n<p>С операционной системой iOS 9 просто и легко общаться с друзьями или просматривать почту, веб-сайты. Программное и аппаратное обеспечение идеально друг друга дополняют, поэтому девайс замечательно и быстро откликается на команды, при этом экономно расходуя заряд аккумулятора.</p>\r\n', 0, 0, 1),
(72, 'Apple iPhone SE 16Gb Gold', 17, 38341, 13125, 1, 1, '', '<p><strong>Единственное, что изменилось, - это всё!</strong></p>\r\n\r\n<p>Apple iPhone 6S&nbsp;не безосновательно носит статус флагмана. Это не просто обновлённая версия iPhone 6, а совершенно новая модель с множеством изменений и улучшений.</p>\r\n\r\n<p><strong>Инновационный 3D Touch</strong></p>\r\n\r\n<p>Управление цифровым контентом с помощью касаний, смахиваний и разведением пальцев стало привычно и не заменимо в любом смартфоне с сенсорным дисплеем, но компания Apple пошла ещё дальше. Совершенно новый Multi-touch с технологией&nbsp;3D Touch&nbsp;распознает не только ранее известные жесты, но и силу нажатия на экран.</p>\r\n\r\n<p>Лёгкое прикосновение активирует функцию &quot;заглянуть&quot;, она отвечает за предпросмотр информации, если нажать чуть сильнее контент раскроется полностью на весь экран. Встроенный ёмкостный датчик измеряет микроскопические изменения давления, обеспечивая мгновенное, непрерывное и точное реагирование. Внешне простые функции скрывают сложные процессы, которые вам понравятся.</p>\r\n\r\n<p><strong>Передовой процессор А9</strong></p>\r\n\r\n<p>А9&nbsp;- это синоним эффективности и производительности. Третье поколение процессоров с 64-битной архитектурой от&nbsp;Appleулучшило свои характеристики до уровня ПК. Теперь общая производительность стала на 70% выше, а эффективность работы с графикой - на 90%.</p>\r\n\r\n<p>Эффективней стал и встроенный сопроцессор&nbsp;М9, который взаимодействует со всеми датчиками и программами, в частности Siri, что значительно расширяет возможности и функциональность&nbsp;iPhone 6S.</p>\r\n\r\n<p><strong>Обновлённая камера iSight</strong></p>\r\n\r\n<p>Всем известно, что не только от количества пикселей зависит качество снимка. Разработчики&nbsp;Apple&nbsp;оптимизировали все технические задачи возникающие при фото и видео-съёмке, тем самым улучшили качество фото в девайсе.</p>\r\n\r\n<p>Новый&nbsp;iPhone&nbsp;оснащён ультрасовременной матрицей и процессором обработки сигнала изображения, уникальной настройкой пикселей и тональной компрессии, а также системой оптической стабилизации и&nbsp;Focus Pixels. 12-мегапиксельные снимки будут потрясающими, наполненные деталями и яркими красками.</p>\r\n\r\n<p>А что с видео?&nbsp;Камера 4К&nbsp;- это в четыре раза больше разрешение, чем у обычного HD-видео. Создавать фото и видео шедевры стало намного проще.</p>\r\n\r\n<p><strong>Технология&nbsp;Live Photos&nbsp;- оживит воспоминания</strong></p>\r\n\r\n<p>Фотография фиксирует определённый момент, но данная технология поменяла представление о снимках. В основе&nbsp;Live Photos&nbsp;лежит 12МП фото, в котором до и после записано несколько секунд со звуком и движением. Нажав на нём можно оживить фотографию и воспоминания о происходящем событии.</p>\r\n\r\n<p><strong>HD-камера FaceTime</strong></p>\r\n\r\n<p>Любите делать селфи или звонить по Skype или FaceTime? Тогда улучшенная фронтальная камера 5 Мп настоящая находка. Ведь она оснащенная дополнительной вспышкой&nbsp;True Tone Flash. Как это работает? Предварительная вспышка устанавливает уровень освещённости, после срабатывает&nbsp;True Tone Flash&nbsp;используя дисплей. Снимки всегда получаются с естественной и реалистичной цветопередачей, поэтому селфи смогут стать отличным автопортретом.</p>\r\n\r\n<p><strong>Выдающийся дизайн для iPhone 6S</strong></p>\r\n\r\n<p>Компания&nbsp;Apple&nbsp;решила сохранить все преимущества предшественника данной модели:</p>\r\n\r\n<ul>\r\n	<li>Самый прочный корпус из алюминия 700, который активно используется в аэрокосмическом строительстве;</li>\r\n	<li>Усиленное на молекулярном уровне стекло, идеальная и лучшая защита для смартфона;</li>\r\n	<li>Цельная и изящная форма с плавными линиями, её удобно и приятно держать, а смотреть одно удовольствие.</li>\r\n</ul>\r\n\r\n<p>В&nbsp;2015&nbsp;году предоставлены привычные цвета&nbsp;Silver,&nbsp;Gold,&nbsp;Space Gray, и совершенно новый, удивительный и невиданный ранее&nbsp;Rose Gold, который идеально вписался и без сомнений станет популярным у ценителей&nbsp;iPhone.</p>\r\n\r\n<p><strong>Уникальная операционная система iOS 9</strong></p>\r\n\r\n<p>Работать с ней одно удовольствие. Она сочетает в себе элегантный дизайн, надёжную защиту данных, широкий спектр функциональных возможностей и интуитивно понятный интерфейс.</p>\r\n\r\n<p>С операционной системой iOS 9 просто и легко общаться с друзьями или просматривать почту, веб-сайты. Программное и аппаратное обеспечение идеально друг друга дополняют, поэтому девайс замечательно и быстро откликается на команды, при этом экономно расходуя заряд аккумулятора.</p>\r\n', 1, 0, 1),
(74, 'Apple iPod touch 5Gen 32GB White&Silver', 22, 2766, 6800, 1, 1, '', '<p>Новый&nbsp;<strong>iPod touch 5 Gen&nbsp;</strong>- это настоящее произведение современного искусства и технологий.</p>\r\n\r\n<p>Если Вы думает, что видели лёгкие и тонкие гаджеты, то это было заблуждение. Сверхтонкий&nbsp;<strong>iPod touch 5&nbsp;</strong>поколения едва ощущается в кармане, он настолько лёгок, что нет желания выпускать его из рук. Корпус, сделанный из цельного куска металла, приятно холодит руку и добавляет престижности яркому дизайну от&nbsp;<strong>Apple</strong>.</p>\r\n\r\n<p>Плеер обзавелся новым 4-дюймовым дисплеем&nbsp;<strong>Retina</strong>, на котором все элементы выглядят ещё ярче, четче и лучше чем прежде. Ведь пиксели на данном экране становятся невидимыми для человеческого глаза.</p>\r\n\r\n<p>5-мегапиксельная камера&nbsp;<strong>iSight</strong>&nbsp;не перестает радовать своими качественными и яркими снимками, а также HD-видео в формате 1080р. И это не случайно, разработчики компании Apple всегда используют только оптику опережающее свое время. А фокусировка касанием, распознавание лиц и светодиодная вспышка делает<strong>&nbsp;iPod touch 5 Gen</strong>&nbsp;фотографирование повседневных моментов жизни доступными и приятными.</p>\r\n\r\n<p>Оснащенный двухъядерным процессором&nbsp;<strong>A5,</strong>&nbsp;плеер обладает огромной мощностью и графической производительность, поэтому игры невероятно реалистичные и чёткие.</p>\r\n\r\n<p><strong>Комплектация:</strong></p>\r\n\r\n<ul>\r\n	<li>Плеер&nbsp;<strong>iPod touch 5 Gen</strong>;</li>\r\n	<li>Ремешок&nbsp;<strong>iPod touch loop</strong>;</li>\r\n	<li>Наушники&nbsp;<strong>Apple EarPods</strong>;</li>\r\n	<li>Кабель Lightning/USB для зарядки и синхронизации.</li>\r\n</ul>\r\n', 0, 0, 1),
(75, 'Apple iPod touch 5Gen 32GB Black', 22, 35062, 6800, 1, 1, '', '<p>Новый&nbsp;<strong>iPod touch 5 Gen&nbsp;</strong>- это настоящее произведение современного искусства и технологий.</p>\r\n\r\n<p>Если Вы думает, что видели лёгкие и тонкие гаджеты, то это было заблуждение. Сверхтонкий&nbsp;<strong>iPod touch 5&nbsp;</strong>поколения едва ощущается в кармане, он настолько лёгок, что нет желания выпускать его из рук. Корпус, сделанный из цельного куска металла, приятно холодит руку и добавляет престижности яркому дизайну от&nbsp;<strong>Apple</strong>.</p>\r\n\r\n<p>Плеер обзавелся новым 4-дюймовым дисплеем&nbsp;<strong>Retina</strong>, на котором все элементы выглядят ещё ярче, четче и лучше чем прежде. Ведь пиксели на данном экране становятся невидимыми для человеческого глаза.</p>\r\n\r\n<p>5-мегапиксельная камера&nbsp;<strong>iSight</strong>&nbsp;не перестает радовать своими качественными и яркими снимками, а также HD-видео в формате 1080р. И это не случайно, разработчики компании Apple всегда используют только оптику опережающее свое время. А фокусировка касанием, распознавание лиц и светодиодная вспышка делает<strong>&nbsp;iPod touch 5 Gen</strong>&nbsp;фотографирование повседневных моментов жизни доступными и приятными.</p>\r\n\r\n<p>Оснащенный двухъядерным процессором&nbsp;<strong>A5,</strong>&nbsp;плеер обладает огромной мощностью и графической производительность, поэтому игры невероятно реалистичные и чёткие.</p>\r\n\r\n<p><strong>Комплектация:</strong></p>\r\n\r\n<ul>\r\n	<li>Плеер&nbsp;<strong>iPod touch 5 Gen</strong>;</li>\r\n	<li>Ремешок&nbsp;<strong>iPod touch loop</strong>;</li>\r\n	<li>Наушники&nbsp;<strong>Apple EarPods</strong>;</li>\r\n	<li>Кабель Lightning/USB для зарядки и синхронизации.</li>\r\n</ul>\r\n', 1, 0, 1),
(85, 'Samsung Galaxy S6 SS 32GB G920 Gold', 18, 2235107, 13999, 1, 4, '', '<p>Экран (5.1&quot;, Super AMOLED, 2560х1440)/ Samsung Exynos 7420 (Quad 2.1 ГГц + Quad 1.5 ГГц)/ основная камера: 16 Мп, фронтальная камера: 5 Мп/ RAM 3 ГБ/ 32 ГБ встроенной памяти/ 3G/ LTE/ GPS/ Nano-SIM/ Android 5.0 (Lollipop) / 2550 мА*ч</p>\r\n', 0, 0, 1),
(86, 'Samsung Galaxy S7 32GB Black', 18, 7257772, 19999, 1, 4, '', '<p>Экран (5.1&quot;, Super AMOLED, 2560х1440)/ Exynos 8890 Octa (Quad 2.3 ГГц + Quad 1.6 ГГц)/ камера 12 Мп + фронтальная 5 Мп/ RAM 4 ГБ/ 32 ГБ встроенной памяти + microSD (до 200 ГБ)/ 3G/ LTE/ GPS/ поддержка 2х SIM-карт (Nano-SIM)/ Android 6.0 (Marshmallow) / 3000 мА*ч</p>\r\n', 1, 0, 1),
(87, 'Samsung Galaxy Tab S2 9.7" 32GB LTE White', 23, 3816965, 16999, 1, 4, '', '<p>Планшет&nbsp;<strong>Samsung Galaxy Tab S2</strong>&nbsp;имеет экран с диагональю 9.7&quot; Super AMOLED с соотношением сторон 4:3. Дисплей&nbsp;<strong>Galaxy Tab S2</strong>&nbsp;имеет разрешение 2048 х 1536 точек. Толщина аппарата составляет всего 5.4 мм при весе 375 грамм!</p>\r\n\r\n<p>В качестве аппаратной основы&nbsp;<strong>Samsung Galaxy Tab S2</strong>&nbsp;выступает новейший 8-ядерный Samsung Exynos с поддержкой 64-разрядных вычислений. Объем оперативной памяти планшета &mdash; 3 ГБ. Внутренний накопитель имеет объем 32 ГБ с возможностью расширения картами microSD.&nbsp;</p>\r\n\r\n<p>На задней крышке красуется 8 Мп камера со вспышкой, способная записывать видео формата Full HD, а на тыльной стороне расположился фронтальная 2.1 Мп камера. Работает планшет под управлением новейшей прошивки Android 5.0 (Lollipop).</p>\r\n\r\n<p>&nbsp;</p>\r\n', 0, 0, 1),
(90, 'Samsung Galaxy Tab S2 8.0', 23, 4196245, 10999, 1, 4, '', '<p>Планшет&nbsp;<strong>Samsung Galaxy Tab S2</strong>&nbsp;имеет экран с диагональю 8.0&quot; Super AMOLED с соотношением сторон 4:3. Дисплей&nbsp;<strong>Galaxy Tab S2</strong>&nbsp;имеет разрешение 2048 х 1536 точек. Толщина аппарата составляет всего 5.4 мм при весе 268 грамм!</p>\r\n\r\n<p>В качестве аппаратной основы&nbsp;<strong>Samsung Galaxy Tab S2</strong>&nbsp;выступает новейший 8-ядерный Samsung Exynos с поддержкой 64-разрядных вычислений. Объем оперативной памяти планшета &mdash; 3 ГБ. Внутренний накопитель имеет объем 32 ГБ с возможностью расширения картами microSD.&nbsp;</p>\r\n\r\n<p>На задней крышке красуется 8 Мп камера со вспышкой, способная записывать видео формата Full HD, а на тыльной стороне расположился фронтальная 2.1 Мп камера. Работает планшет под управлением новейшей прошивки Android 5.0 (Lollipop).</p>\r\n\r\n<p>&nbsp;</p>\r\n', 0, 0, 1);

-- --------------------------------------------------------

--
-- Table structure for table `product_order`
--

CREATE TABLE `product_order` (
  `id` int(11) NOT NULL,
  `user_name` varchar(255) NOT NULL,
  `user_phone` varchar(255) NOT NULL,
  `user_comment` text NOT NULL,
  `user_id` int(11) DEFAULT NULL,
  `date` timestamp NOT NULL DEFAULT CURRENT_TIMESTAMP,
  `products` text NOT NULL,
  `status` int(11) NOT NULL DEFAULT '1',
  `user_city` varchar(255) DEFAULT NULL
) ENGINE=MyISAM AUTO_INCREMENT=61 DEFAULT CHARSET=utf8;

--
-- Dumping data for table `product_order`
--

INSERT INTO `product_order` (`id`, `user_name`, `user_phone`, `user_comment`, `user_id`, `date`, `products`, `status`, `user_city`) VALUES
(57, 'Михайло', '+380979681800', '', 11, '2016-06-11 18:58:24', '{"74":1,"72":1,"70":2}', 2, NULL),
(58, 'Михайло', '+380979681800', '', 11, '2016-06-11 19:05:21', '{"75":1}', 2, NULL),
(54, 'Михайло', '380979681800', '', 6, '2016-06-07 18:32:26', '{"53":1,"52":1,"51":2}', 4, NULL),
(59, 'Михайло', '+380979681800', 'Тут коментар', 11, '2016-06-11 19:17:01', '{"74":1}', 1, 'Дніпропетровськ'),
(60, 'Михайло', '+380979681800', '', 11, '2016-06-11 19:46:53', '{"65":3,"67":1}', 1, 'Київ');

-- --------------------------------------------------------

--
-- Table structure for table `user`
--

CREATE TABLE `user` (
  `id` int(11) NOT NULL,
  `name` varchar(255) NOT NULL,
  `email` varchar(255) NOT NULL,
  `password` varchar(255) NOT NULL,
  `phone` varchar(13) NOT NULL,
  `role` varchar(50) NOT NULL
) ENGINE=InnoDB AUTO_INCREMENT=12 DEFAULT CHARSET=utf8;

--
-- Dumping data for table `user`
--

INSERT INTO `user` (`id`, `name`, `email`, `password`, `phone`, `role`) VALUES
(11, 'Михайло', 'mfiyalka@gmail.com', '$2y$10$bhr4VxyOuEIy5ReG35/xZu8AB0a7/m.Z.60x0R4/aEhiQRFMxbQam', '+380979681800', 'admin');

--
-- Indexes for dumped tables
--

--
-- Indexes for table `brands`
--
ALTER TABLE `brands`
  ADD PRIMARY KEY (`id`);

--
-- Indexes for table `category`
--
ALTER TABLE `category`
  ADD PRIMARY KEY (`id`);

--
-- Indexes for table `product`
--
ALTER TABLE `product`
  ADD PRIMARY KEY (`id`);

--
-- Indexes for table `product_order`
--
ALTER TABLE `product_order`
  ADD PRIMARY KEY (`id`);

--
-- Indexes for table `user`
--
ALTER TABLE `user`
  ADD PRIMARY KEY (`id`);

--
-- AUTO_INCREMENT for dumped tables
--

--
-- AUTO_INCREMENT for table `brands`
--
ALTER TABLE `brands`
  MODIFY `id` int(11) NOT NULL AUTO_INCREMENT,AUTO_INCREMENT=5;
--
-- AUTO_INCREMENT for table `category`
--
ALTER TABLE `category`
  MODIFY `id` int(11) NOT NULL AUTO_INCREMENT,AUTO_INCREMENT=24;
--
-- AUTO_INCREMENT for table `product`
--
ALTER TABLE `product`
  MODIFY `id` int(11) NOT NULL AUTO_INCREMENT,AUTO_INCREMENT=91;
--
-- AUTO_INCREMENT for table `product_order`
--
ALTER TABLE `product_order`
  MODIFY `id` int(11) NOT NULL AUTO_INCREMENT,AUTO_INCREMENT=61;
--
-- AUTO_INCREMENT for table `user`
--
ALTER TABLE `user`
  MODIFY `id` int(11) NOT NULL AUTO_INCREMENT,AUTO_INCREMENT=12;